{
  "source": "Ambrus, Csiszarik, Matolcsi, Varga, Zsamboki 2023, arXiv:2207.14179v3 (last revised 28 Jul 2023), 'The density of planar sets avoiding unit distances'. Math. Metric Geometry.",
  "published_bound": "m_1(R^2) <= 0.24699... < 0.2470 (proves Erdos conjecture m_1 < 1/4)",
  "lp_optimum_numerical": 0.24697,
  "field": "Q(sqrt 3, sqrt 11, sqrt 33). Note sqrt 33 = sqrt 3 * sqrt 11.",
  "encoding": "complex z = a + b*i identified with R^2 point (a, b). Coordinates are exact symbolic (sympy parseable).",
  "n_points": 23,
  "distinct_distances": 27,
  "lp_structure": {
    "atom_variables": 13552,
    "fourier_variables_published": 12000,
    "ie1_constraints": 23,
    "ie2_constraints": 206,
    "iec_congruence_constraints": 5868,
    "note": "the 0.247 bound also requires (IEC) congruence constraints; the OFV/KMOR-style IE-LP without congruence is looser. The e3g framework as built has IE1+IE2 only (no IEC)."
  },
  "dual_certificate_published": {
    "note": "2350 nonzero dual coefficients total; 2321 are w_c(I,J) congruence coefficients NOT printed in the paper (on their website). The 29 below are the complete non-IEC part.",
    "w_0": 0.378583312921677,
    "w_T": 0.24697262945998308,
    "w_1": {"1": 1.059383649998022},
    "w_2_by_pair_1indexed": {
      "1,10": 0.014243384098949957,
      "1,17": 0.07397413460039694,
      "1,23": -0.008047304925038572,
      "3,12": 0.03487012105072677,
      "3,15": -0.0785963112357179,
      "4,22": 0.00022917246188142716,
      "6,8": -0.03025769554989927,
      "6,15": 0.018185030147879047,
      "7,9": -0.17935529642485845,
      "7,12": 0.08006137472171244,
      "7,15": 0.14034437164315525,
      "7,21": -0.017391357599152,
      "7,23": 0.09939574113576811,
      "8,22": -0.013665295941013265,
      "8,23": 0.017535950345541916,
      "9,13": -0.0667237004898899,
      "9,22": 0.02962214917215127,
      "9,23": -0.1543585559725672,
      "11,22": -0.050336630381192515,
      "11,23": 0.0395556964778143,
      "12,19": -0.01728864937672063,
      "14,22": -0.03251305281246628,
      "14,23": -0.07168501985142882,
      "15,16": 0.009019525024808076,
      "21,22": -0.08293311685123309,
      "21,23": -0.19185162418622392
    },
    "verification_constants": {
      "nu": 1e-05,
      "mu": 6e-05,
      "w_tilde_T": "w_T + nu",
      "final_bound_formula": "(w_T + nu) / (1 - mu) = 0.24699...",
      "sum_abs_w0_w2_approx": 1.93062,
      "phi_global_min": 0.99995003,
      "phi_global_min_location_t": 3.77488
    }
  },
  "coordinates_symbolic_1indexed": {
    "1": "0",
    "2": "1",
    "3": "1/2 + sqrt(3)/2*I",
    "4": "3/2 + sqrt(3)/2*I",
    "5": "5/6 + sqrt(11)/6*I",
    "6": "-sqrt(33)/12 + 5/12 + (sqrt(11)/12 + 5*sqrt(3)/12)*I",
    "7": "-sqrt(33)/12 + 5/4 + (5*sqrt(3)/12 + sqrt(11)/4)*I",
    "8": "sqrt(33)/12 + 13/12 + (-sqrt(11)/12 + sqrt(3)/12)*I",
    "9": "1/4 + sqrt(33)/12 + (-sqrt(11)/4 + sqrt(3)/12)*I",
    "10": "-sqrt(33)/12 + 13/12 + (-sqrt(11)/12 - sqrt(3)/12)*I",
    "11": "2/3 + (-sqrt(11)/6 + sqrt(3)/2)*I",
    "12": "-sqrt(33)/12 + 7/12 + (-sqrt(11)/12 + 5*sqrt(3)/12)*I",
    "13": "-sqrt(33)/6 + 5/6 + (-sqrt(3)/6 + sqrt(11)/6)*I",
    "14": "sqrt(33)/12 + 7/12 + (-sqrt(11)/12 + 7*sqrt(3)/12)*I",
    "15": "-sqrt(33)/12 + 1/12 + (-sqrt(11)/12 - sqrt(3)/12)*I",
    "16": "-sqrt(33)/6 + 2/3 + (-sqrt(11)/6 + sqrt(3)/3)*I",
    "17": "-sqrt(33)/12 + 19/12 + (-sqrt(11)/12 + 5*sqrt(3)/12)*I",
    "18": "1/3 + (sqrt(11)/6 + sqrt(3)/2)*I",
    "19": "-sqrt(33)/12 + 3/4 + (-sqrt(3)/12 + sqrt(11)/4)*I",
    "20": "-sqrt(33)/6 + 1 + (-sqrt(3)/6)*I",
    "21": "7/6 + (-sqrt(11)/6)*I",
    "22": "-sqrt(33)/6 + 4/3 + (sqrt(11)/6 + sqrt(3)/3)*I",
    "23": "-sqrt(33)/4 + 19/12 + (-sqrt(11)/12 + sqrt(3)/4)*I"
  }
}
